QUIMPERLE - Complexe sportif;Rue de Kerjouanneau;Quimperlé;29300;2021-01-26;;https://partners.doctolib.fr/centre-de-vaccinations-internationales/quimperle/centre-de-vaccination-covid-19-de-quimperle?speciality_id=5494&enable_cookies_consent=1;930;doctolib;2;2;2565481:414887-414888-434097-464150-470385:166434
DOUARNENEZ - Espace sportif Jules Verne;2, Rue Jules Verne;Douarnenez;29100;2021-01-26;;https://vaccination-covid.keldoc.com/centre-municipal-de-sante/douarnenez-29100/gradlon/centre-de-vaccination-de-gradlon;927;keldoc;2;3;82965:49288:50133:51418:51419:55991:55992
LANDERNEAU - Gymnase Kergreis;Route de Kéranéost;Landerneau;29800;2021-01-25;;https://www.maiia.com/centre-de-vaccination/29800-landerneau/centre-de-vaccination---landerneau---lesneven;929;maiia;2;1;600599c2e4e80549d8cb9eaa:602bf571dfd9d83a1c72870e
BREST Arena;140, Boulevard de Plymouth;Brest;29200;2021-03-16;;https://partners.doctolib.fr/centre-depistage-covid/brest/centre-de-vaccination-covid-19-brest-arena?pid=practice-175124&enable_cookies_consent=1;1009;doctolib;2;2;2678861:434280-435890-436827-436923-436924-436925-436926-449685-453744-463751-463760:175124
ST RENAN - Centre culturel;1, Place Leon Cheminant;Saint-Renan;29290;2021-01-18;;https://vaccination-covid.keldoc.com/centre-municipal-de-sante/st-renan-29290/saint-renan/centre-de-vaccination-de-saint-renan;918;keldoc;2;3;82062:49070:51291:55393
QUIMPER - Salle des fêtes Dan Ar Braz;Rue de Stang Bihan;Quimper;29000;2021-01-19;;https://vaccination-covid.keldoc.com/centre-municipal-de-sante/quimper-29000/quimper/centre-de-vaccination-de-quimper;925;keldoc;2;3;82055:49066:49067:50239:53370:55381:55516:56488
CARHAIX - Espace Glenmor;Rue Jean Monnet;Carhaix-Plouguer;29270;2021-03-15;;https://partners.doctolib.fr/centre-de-sante/carhaix-plouguer/centre-de-vaccination-covid-19-carhaix-espace-glenmor?pid=practice-177080&enable_cookies_consent=1;1997;doctolib;2;2;2702378:439783-439784-439785-475709:177080
PONT L'ABBE - Le triskell;Rue Mstislav Rostropovitch ;Pont-l'Abbé;29120;2021-02-02;;https://partners.doctolib.fr/centre-de-sante/pont-l-abbe/centre-de-vaccination-covid-19-bigouden?pid=practice-167193&enable_cookies_consent=1;1277;doctolib;2;2;2575758:416771-417446-429756-433205-436455-436456-454563-466255-466257-466258-469726-476431:167193
MORLAIX - Parc des expos de Langolvas;Langolvas;Garlan;29610;2021-03-01;;https://partners.doctolib.fr/maison-de-sante/morlaix/ch-morlaix-centre-de-vaccination-covid-19?pid=practice-163107&enable_cookies_consent=1;1649;doctolib;2;2;2535514:451986-451995-451997-464440-465175-466073-466079:171984
MELGVEN - Salle polyvalente;rue Per Jakez Hélias;Melgven;29140;2021-01-20;;https://partners.doctolib.fr/centre-de-sante/melgven/centre-de-vaccination-covid-19-de-concarneau?speciality_id=5494&enable_cookies_consent=1;1154;doctolib;2;2;2556258:413038-413346-433934-439980-443947:165721
CROZON - Complexe sportif;Rue Voltaire;Crozon;29160;2021-01-27;;https://partners.doctolib.fr/centre-de-sante/chateaulin/centre-de-vaccination-covid-19-chateaulin-crozon?pid=practice-164946&enable_cookies_consent=1;2393;doctolib;2;2;2548432:448538-448537-461784-411464-466406-411465-452427-453263-464346:164946x2737067:448538:164946
CHATEAULIN - Espace Coatigrac'h;Rocade Quimill;Châteaulin;29150;2021-01-19;;https://partners.doctolib.fr/centre-de-sante/chateaulin/centre-de-vaccination-covid-19-chateaulin-crozon?pid=practice-164629?speciality_id=5494&enable_cookies_consent=1;920;doctolib;2;2;2548432:448541-461752-411462-411460-448542-452425-453262-464345-466508:164629x2737067:448541-461752-411462-411460-448542-410749-452425-453262-464345-466508:164629
LESNEVEN - L'atelier;Rue Jeanne d'Arc;Lesneven;29260;2021-01-25;;https://www.maiia.com/centre-de-vaccination/29800-landerneau/centre-de-vaccination---landerneau---lesneven;1275;maiia;2;1;600686103b987b202a404143:606acdadce3012158a2d0d14
BREST - HIA (Keroriou);Rue de Mostaganem;Brest;29200;2021-04-06;;https://partners.doctolib.fr/hopital-public/brest/centre-de-vaccination-hia-brest?pid=practice-180538&enable_cookies_consent=1;2426;doctolib;2;2;2743230:449157-449227-450592-458062-473620-473621-478866-478867-478868:184104x2799332:462185:184104
